"Periode","Tanggal","Beras Premium","Beras Medium","Kedelai Biji Kering (Impor)","Bawang Merah","Bawang Putih Bonggol","Cabai Merah Keriting","Cabai Rawit Merah","Daging Sapi Murni","Daging Ayam Ras","Telur Ayam Ras","Gula Konsumsi","Minyak Goreng Kemasan Sederhana","Tepung Terigu (Curah)","Minyak Goreng Curah","Jagung Tk Peternak","Ikan Kembung","Ikan Tongkol","Ikan Bandeng","Garam Halus Beryodium","Tepung Terigu Kemasan (non-curah)"
"1","31/05/2023","13940","11810","14270","31020","35430","28430","42290","147340","36840","28920","14470","16340","11700","14670","7470","42180","37680","37220","10140","14520"
"2","01/06/2023","13920","11950","14490","31020","36190","27740","43090","148030","37320","28960","14510","16470","11670","14730","7430","42480","37260","37220","9800","14480"
"3","02/06/2023","13830","11710","14240","31490","35440","28210","43560","146240","36460","29100","14510","16280","11760","14640","7410","43260","37850","37220","9990","14480"
"4","03/06/2023","13780","11910","14280","31610","36850","28570","43090","146540","36550","29130","14620","16430","11510","14780","7340","43740","37850","37900","9710","14310"
"5","04/06/2023","13840","11970","14360","30690","36210","28710","40160","148030","37380","28820","14510","16470","11570","14730","7010","43020","37660","37220","9840","14440"
"6","05/06/2023","13850","11780","14190","31020","35660","29110","44720","147340","36600","28750","14480","16270","11910","14670","7460","42660","38250","37220","10070","14560"
"7","06/06/2023","13860","11790","14110","30770","36000","29090","44720","147340","36650","28750","14470","16270","11700","14580","7570","38780","39090","37900","10030","14350"
"8","07/06/2023","13850","11790","14110","31100","35730","29050","44720","147340","36780","28780","14510","16230","11770","14700","7580","43160","38610","37380","10000","14400"
"9","08/06/2023","13730","11880","14400","31510","36710","28870","46420","146880","37410","29160","14510","16280","12020","14600","7540","43120","37670","37900","9650","14330"
"10","09/06/2023","13910","11800","14080","32060","35900","29390","44720","147100","36260","28680","14450","16340","11510","14610","7540","43730","39250","37760","10040","14390"
"11","10/06/2023","13710","11920","14260","31680","36330","28930","44810","148340","37200","28850","14360","16280","11640","14560","7590","43020","38490","37900","9780","14380"
"12","11/06/2023","13740","11640","14080","33320","36400","29770","44720","146240","36980","29150","14460","16160","11850","14520","7540","43370","38080","37900","9950","14390"
"13","12/06/2023","13620","11610","14040","33810","36780","30870","46060","145840","37010","29260","14480","15990","11830","14480","7540","43400","38560","38340","9990","14380"
"14","13/06/2023","13850","11790","14110","34660","36120","31140","46060","147340","37310","28900","14400","16150","11920","14490","7590","43340","38700","37380","10070","14440"
"15","14/06/2023","13840","11970","14320","33630","36240","30860","48270","148030","37720","28620","14430","16260","11670","14540","7600","43180","38470","37220","9920","14390"
"16","15/06/2023","13850","11800","14110","34170","36170","31240","46060","147340","36750","28480","14400","16150","11770","14550","7590","43190","39050","38340","10140","14440"
"17","16/06/2023","13850","11955","14190","34590","36260","30900","46060","147340","36920","28320","14460","16150","11700","14550","7590","42760","38960","37380","10140","14400"
"18","17/06/2023","13810","11885","14450","33760","36460","30720","47430","147670","38630","29060","14510","16330","11820","14620","7510","42420","35960","31750","9480","14350"
"19","18/06/2023","13780","11660","14040","35470","36800","30470","47380","146370","37080","28880","14360","15990","11830","14610","7760","43520","39380","37220","10200","14430"
"20","19/06/2023","13800","11770","13980","34810","36490","30710","44720","147560","36810","28160","14330","16130","11480","14550","7500","43080","39320","37220","10110","14390"
"21","20/06/2023","13840","11730","14130","35050","36220","30460","46060","147100","37540","28290","14420","16200","11570","14550","7550","43470","40270","38310","10180","13950"
"22","21/06/2023","13840","11960","14320","35420","36470","30460","46420","148490","37540","28020","14420","16360","11670","14690","7600","43320","38080","42510","9920","14160"
"23","22/06/2023","13850","11800","14070","35210","36430","29620","46060","147760","37280","28520","14460","16240","11600","14630","7500","43130","38640","43600","9760","14440"
"24","23/06/2023","13640","11815","13930","35600","36320","29140","46060","146370","37520","28900","14360","16090","11530","14550","7450","42560","38200","37820","10040","14380"
"25","24/06/2023","13840","11970","14230","34480","36480","29120","44810","148490","37060","28200","14510","16250","11910","14590","7600","42530","38600","37300","9960","14390"
"26","25/06/2023","13680","11700","13990","34310","36840","30180","45940","146370","37330","29200","14560","16000","11630","14550","7450","43640","38650","37720","10020","14530"
"27","26/06/2023","13830","11650","13990","36200","36840","30350","41600","148480","37170","29060","14360","16090","11530","14550","7450","41430","37160","36750","9370","14340"
"28","27/06/2023","13880","11830","14160","36030","36860","34120","49490","147760","37020","28790","14380","16240","11500","14630","7550","43380","39090","36630","10180","14540"
"29","28/06/2023","13870","11810","14410","36480","37550","37430","52410","149910","38210","28340","14420","16360","11670","14780","7600","43810","38970","37300","9960","14590"
"30","29/06/2023","13670","11650","13990","36920","37290","38120","45800","146370","37660","29050","14460","16190","11530","14550","7510","43060","38300","37900","10040","14580"
"31","30/06/2023","13730","11880","14400","36070","37190","39430","53280","147380","38060","29240","14560","16400","11740","14660","7560","43380","37350","37900","9860","14510"
"32","01/07/2023","14000","11950","14040","38010","38260","43550","47910","148150","37940","28720","14510","16340","11610","14730","7450","44100","38270","32520","9760","14310"
"33","02/07/2023","13910","11810","14120","38000","38370","43100","48040","147560","36590","28160","14420","16450","11320","14690","7510","43320","39000","38310","10200","14480"
"34","03/07/2023","13850","11790","14190","37500","39500","41470","47170","146970","37120","28340","14380","16230","11520","14540","7530","43370","39040","37900","10180","14650"
"35","04/07/2023","13850","11790","14190","38310","40460","43960","47170","147340","36980","28340","14380","16150","11420","14540","7530","43370","38080","38340","10180","14630"
"36","05/07/2023","13840","11800","14150","37690","40720","42750","49590","147340","36700","28310","14380","16075","11520","14460","7530","43800","38080","37900","10180","14630"
"37","06/07/2023","13840","11790","14110","37000","40150","43370","49370","147340","36880","28230","14460","16230","11590","14540","7530","43030","38480","38310","10180","14650"
"38","07/07/2023","13840","11800","14150","37160","40020","43080","51400","147340","36390","28140","14380","16250","11420","14690","7490","43030","39040","37900","10180","14650"
"39","08/07/2023","13620","11880","14400","37330","41470","46850","51300","146880","36700","28540","14460","16300","11740","14840","7540","44000","38010","37220","9860","14580"
"40","09/07/2023","13650","11880","14450","37580","40980","45760","52960","146880","36640","28540","14560","16300","11740","14550","7490","43460","39100","37220","9770","14580"
"41","10/07/2023","13680","11690","14170","37890","41210","45710","52200","146240","36010","28690","14510","16180","11460","14410","7430","43510","39110","37760","10020","14620"
"42","11/07/2023","13760","11780","14130","38270","41500","44860","49370","147100","36200","28050","14370","16270","11410","14640","7620","43020","39150","38310","10140","14380"
"43","12/07/2023","13860","11800","14150","37350","41130","44060","52200","147250","36080","28230","14420","16250","11460","14610","7430","42570","38950","37900","10130","14600"
"44","13/07/2023","13820","11970","14280","37720","41160","43100","52960","148030","36080","28080","14550","16370","11670","14590","7540","43230","38080","37220","9900","14620"
"45","14/07/2023","13910","11910","14080","37010","40250","42300","52960","147830","37120","28590","14510","16110","11500","14550","7440","42380","37380","33640","9790","14380"
"46","15/07/2023","13840","11740","14070","36670","39640","41350","51960","147340","35330","28150","14460","16250","11420","14700","7360","42430","38640","37900","10130","14650"
"47","16/07/2023","13710","11640","14080","37680","39990","43910","51310","146240","34490","28870","14500","16180","11460","14500","7410","43100","38030","37760","10050","14620"
"48","17/07/2023","13700","11650","13990","36980","39950","44710","50100","145870","34070","28090","14600","16300","11350","14510","7440","42810","38660","37300","10060","14580"
"49","18/07/2023","13660","11610","14080","36350","39960","44250","49490","146240","33860","28920","14560","16180","11360","14530","7480","42690","38010","40000","10050","14620"
"50","19/07/2023","13630","11790","14300","35040","39950","42820","47620","146880","33790","28910","14620","16300","11630","14540","7480","42790","37380","40730","9800","14580"
"51","20/07/2023","13840","11890","14080","36010","39860","41940","48060","148030","34740","28300","14500","16270","11570","14580","7430","41870","37100","36960","9870","14570"
"52","21/07/2023","13670","11890","14210","34990","40240","40700","46740","148340","33510","28000","14410","16300","11580","14540","7530","43410","38530","40000","9890","14570"
"53","22/07/2023","13770","11700","14080","34830","39520","40870","47540","147340","33680","28480","14420","16250","11510","14520","7520","42600","38700","40000","10190","14600"
"54","23/07/2023","13690","11850","14210","34960","40050","40300","46050","148340","33310","27980","14410","16300","11620","14520","7570","43590","38330","37220","9890","14570"
"55","24/07/2023","13830","11730","14160","34440","40130","39080","45120","147100","32880","28110","14460","16370","11360","14480","7480","43250","38940","40730","10210","14570"
"56","25/07/2023","13810","11720","14150","33510","38960","37440","44920","147340","32330","28070","14420","16250","11560","14520","7350","43030","38550","39980","10190","14650"
"57","26/07/2023","13710","11620","14170","32690","39470","37770","46000","146240","31130","28390","14460","16180","11660","14480","7430","42860","37740","40490","10210","14620"
"58","27/07/2023","13810","11720","14150","32860","39080","38680","45360","147340","31050","27770","14500","16250","11600","14520","7480","42530","38370","40560","10190","14650"
"59","28/07/2023","13770","11685","14210","32490","37900","38510","43990","147830","31720","28180","14600","16210","11630","14710","7570","43120","37970","39970","9890","14680"
"60","29/07/2023","13630","11530","13940","32080","38790","36280","40400","146370","30740","28640","14450","16100","11630","14420","7370","42670","37960","40390","10130","14630"
"61","30/07/2023","13680","11740","14210","32140","38140","37640","43340","146880","30620","28640","14550","16300","11630","14520","7470","42540","37310","41700","9800","14580"
"62","31/07/2023","13810","11690","14070","31570","38740","35230","42720","147340","29810","27880","14540","16250","11600","14520","7430","42380","38110","40490","10190","14650"
"63","01/08/2023","13820","11690","14030","31420","38550","35260","42720","147340","29730","27760","14460","16250","11600","14560","7330","42060","38540","41360","10190","14650"
"64","02/08/2023","13820","11885","14110","31110","38530","34140","41840","147340","29370","27760","14460","16250","11600","14480","7330","41950","38290","41700","10190","14650"
"65","03/08/2023","13890","11890","14210","31190","38000","34260","42820","148860","29560","27720","14470","16400","11630","14620","7360","41440","36190","36130","9530","14530"
"66","04/08/2023","13870","11710","13950","30660","39400","35090","42620","147100","28630","27490","14470","16370","11410","14540","7280","41840","39250","41480","10210","14570"
"67","05/08/2023","13820","11740","13810","31170","37890","34000","41380","147340","28580","28350","14430","16250","11600","14520","7330","42000","38280","40390","10190","14650"
"68","06/08/2023","13740","11810","13990","30060","38150","36980","41860","146880","27600","28420","14520","16300","11630","14570","7360","42080","37500","41010","9800","14200"
"69","07/08/2023","13880","11690","13850","30350","38130","36830","42110","147340","28090","28140","14430","16000","11600","14520","7330","42250","38690","41010","10190","14600"
"70","08/08/2023","13810","11650","13840","30450","38080","40330","45410","146240","27560","28730","14470","16175","11660","14720","7330","41790","39460","43900","10120","14620"
"71","09/08/2023","13890","11930","14080","30640","37540","41620","46260","148030","27740","28070","14470","16370","11570","14570","7420","42290","39510","41010","9900","14620"
"72","10/08/2023","13800","11730","13800","30410","37810","41140","45940","147560","28430","27680","14470","16180","11580","14480","7340","41740","39860","41870","10160","14660"
"73","11/08/2023","13890","11780","14080","29820","38080","41350","46260","148030","28530","28070","14430","16370","11540","14610","7430","41910","39320","42210","9860","14580"
"74","12/08/2023","13700","11630","13730","28920","37820","41340","45940","146370","28360","28560","14340","16275","11590","14470","7280","41770","39590","42210","10080","14560"
"75","13/08/2023","13860","11870","13930","28800","37260","41520","44810","146540","27570","28630","14520","16362.5","11330","14640","7380","43000","39010","43240","9720","14450"
"76","14/08/2023","13950","11760","13730","29580","38060","43040","46260","149440","28220","27880","14270","16100","11530","14520","7380","41140","39480","41490","9920","14450"
"77","15/08/2023","13740","11770","14060","29100","37470","41740","43590","146540","29630","28120","14520","16060","11530","14580","7290","42410","39800","41480","9830","14490"
"78","16/08/2023","13930","11820","13720","28900","37860","43430","49370","145870","28070","28590","14500","16190","11450","14570","7240","41390","39390","41010","10230","14540"
"79","17/08/2023","13860","11980","14000","29260","37530","44420","45980","148340","29090","27390","14340","16210","11530","14620","7410","41510","39810","41010","9990","14590"
"80","18/08/2023","13850","11980","14240","28850","37710","44130","46610","148150","30070","27390","14470","15910","11600","14340","7580","42720","40370","40280","9900","14660"
"81","19/08/2023","13980","11790","13740","28760","37440","42370","49870","146240","29030","27310","14520","16005","11630","14480","7310","40530","40520","38030","10300","14720"
"82","20/08/2023","13770","11890","14010","29200","37720","46160","46610","146880","31470","28040","14890","15820","11630","14540","7360","41880","40180","41030","10080","14590"
"83","21/08/2023","13880","11810","13780","28980","37590","48140","48210","147340","30770","27400","14430","16090","11510","14570","7400","41620","40460","40570","10980","14660"
"84","22/08/2023","13790","11770","13740","28020","37780","49690","49750","146370","31440","28010","14420","15910","11630","14490","7330","42440","38890","41600","10230","14590"
"85","23/08/2023","13810","11780","13760","29810","37460","49500","49870","146240","31300","28040","14460","16000","11610","14750","7280","43080","39950","42620","10380","14540"
"86","24/08/2023","13820","11780","13760","29910","37400","50790","51080","146240","31310","28130","14470","16000","11610","14500","7350","43080","39890","41450","10380","14540"
"87","25/08/2023","13790","11910","13950","29400","37550","50640","48580","145870","31000","28040","14470","16005","11730","14690","7470","44060","40340","41600","10420","14640"
"88","26/08/2023","13890","12070","14060","28180","37430","50250","49220","148030","31290","27580","14470","16190","11520","14550","7490","43480","39680","40570","10110","14580"
"89","27/08/2023","13920","11870","13870","28180","38070","51880","53590","146910","31230","27570","14430","16090","11560","14700","7450","42460","39900","41030","10390","14690"
"90","28/08/2023","13900","11870","13870","28340","37830","51620","52440","147340","30650","27680","14480","16090","11600","14460","7450","42820","39970","40820","10430","14660"
"91","29/08/2023","13890","11870","13740","28020","38470","50920","45830","147560","30480","27220","14370","16000","11540","14500","7440","42100","39790","40570","10300","14680"
"92","30/08/2023","13900","11880","13840","27820","38020","50040","49410","147340","30690","27220","14520","16090","11570","14540","7400","42190","40240","41030","10370","14660"
"93","31/08/2023","13940","11980","14140","26930","37920","50880","48270","146540","31160","27780","14700","15970","11660","14450","7530","45000","40560","41030","10080","14720"
"94","01/09/2023","14160","12060","13840","26730","37840","49260","47430","147100","30530","27680","14460","16240","11380","14550","7350","42230","40360","40570","10310","14660"
"95","02/09/2023","14220","12060","13890","27100","37510","50360","47430","147340","30520","27260","14470","16090","11570","14540","7400","42410","39710","40570","10290","14690"
"96","03/09/2023","14240","12260","14070","26760","37850","50590","48270","148030","30030","27150","14510","16190","11540","14550","7470","42700","39670","41030","10000","14660"
"97","04/09/2023","14240","12190","13910","26640","38030","49650","47430","145870","29340","28210","14460","16110","11410","14510","7280","42870","39200","41700","10250","14630"
"98","05/09/2023","14220","12380","13910","26750","37630","50120","45840","145870","29560","27860","14650","16080","11690","14440","7420","43040","39190","43270","10250","14730"
"99","06/09/2023","14330","12570","14120","26140","36400","49840","48270","148030","29990","26910","14600","16310","11540","14580","7420","42730","38330","42620","10000","14660"
"100","07/09/2023","14390","12370","13970","27120","37340","49720","49870","147340","29310","27060","14580","16230","11620","14540","7500","41430","38740","41200","10290","14610"
"101","08/09/2023","14480","12410","13970","26940","37340","49360","48580","147340","29360","27000","14490","16230","11570","14540","7500","41610","38600","41600","10220","14610"
"102","09/09/2023","14460","12480","13970","26680","37010","48530","49870","147340","28760","26840","14490","16230","11650","14620","7500","41750","38960","40670","10220","14610"
"103","10/09/2023","14520","12720","14030","25410","37320","49360","48270","148340","29410","26530","14440","16280","11580","14650","7610","41450","38730","41600","9820","14530"
"104","11/09/2023","14560","12430","13820","24980","37390","45650","48700","145870","29070","27890","14640","16360","11510","14460","7320","41690","38710","43270","10170","14490"
"105","12/09/2023","14520","12420","13920","24200","37300","47920","48700","147340","29050","26980","14700","16260","11650","14570","7410","41570","39690","41200","10180","14570"
"106","13/09/2023","14560","12560","13970","24440","36700","46500","47430","147340","29340","26980","14770","16230","11650","14700","7410","41530","39520","41600","10220","14530"
"107","14/09/2023","14570","12640","14080","23040","36250","45720","46610","148340","29160","26690","14830","16280","11580","14460","7500","41790","39230","42620","9820","14440"
"108","15/09/2023","14600","12750","14010","23260","36670","45250","47430","147190","29400","26910","14800","16230","11650","14700","7410","41800","39130","41600","10220","14530"
"109","16/09/2023","14770","12760","14180","23890","36720","46070","47430","148670","29890","26800","14910","16320","11680","14680","7450","41360","37440","36740","9640","14440"
"110","17/09/2023","14640","12665","13850","23440","36190","45720","47430","146080","28640","26650","14750","16380","11640","14620","7380","41640","39690","43270","10240","14580"
"111","18/09/2023","14520","12820","14040","22760","36780","44610","48270","147950","30040","26410","14960","16365","11440","14820","7680","42000","39270","41600","9800","14320"
"112","19/09/2023","14790","12650","13780","23310","36730","46650","47430","145220","29920","27880","14810","16150","11620","14650","7420","42250","40220","41600","10080","14430"
"113","20/09/2023","14780","12810","14460","23250","36920","46670","47430","149650","28920","27320","14960","16255","11660","14740","7570","41340","35830","34640","10610","14150"
"114","21/09/2023","14830","12670","13940","22970","36490","43890","46950","147190","29440","26830","14880","16260","11780","14650","7500","41030","38920","40670","10220","14530"
"115","22/09/2023","14970","12720","14010","23130","36650","44470","45730","147190","29490","26690","14880","16260","11650","14650","7550","41270","39880","43800","10220","14490"
"116","23/09/2023","15090","12730","13970","23390","36820","46650","48580","147190","30020","26780","14890","16300","11650","14650","7500","41610","39280","41600","10220","14490"
"117","24/09/2023","15190","12900","13910","23450","37530","47600","50810","146700","30340","27280","14920","16235","11790","14580","7320","40300","36710","33760","9800","14390"
"118","25/09/2023","15170","13020","14020","22520","37440","48400","49370","146080","29200","26220","14900","16350","11810","14660","7520","40300","38830","45830","10160","14580"
"119","26/09/2023","15140","13090","13870","22690","36170","47780","47170","146190","29000","27040","14950","16305","11680","14590","7260","40960","37670","40900","9990","14390"
"120","27/09/2023","15160","13260","14140","21720","36290","47600","44810","145770","29180","27400","15090","16440","11450","14660","7290","41280","37820","39790","9900","14320"
"121","28/09/2023","15220","13280","14080","22730","35970","48510","47910","146190","29430","27370","15050","16290","11680","14590","7420","41280","37700","40900","9910","14390"
"122","29/09/2023","15310","13120","13890","23400","36140","48280","49600","146760","29020","26860","14980","16060","11650","14570","7410","40960","38220","40670","10220","14490"
"123","30/09/2023","15290","13100","13880","22950","35790","48660","51190","145610","28820","27340","14980","16160","11760","14530","7280","40800","38110","40900","10160","14440"
"124","01/10/2023","15270","13340","13920","22620","36250","48020","47910","148150","28920","26600","15050","16275","11580","14590","7500","41780","38180","40900","9820","14370"
"125","02/10/2023","15250","13210","13790","23690","36070","47340","48990","147390","28800","26300","14980","15950","11620","14490","7400","40600","38350","40900","10080","14440"
"126","03/10/2023","15310","13190","13890","22880","35910","46930","51190","146760","29010","26610","14960","16230","11650","14620","7410","41200","38690","40900","10220","14470"
"127","04/10/2023","15250","13120","13890","22810","35630","47100","49980","146470","28900","26540","14980","16350","11460","14670","7410","40860","38930","41200","10210","14430"
"128","05/10/2023","15450","13240","13860","22380","35120","46650","49320","148390","28970","26420","14930","16160","11600","14630","7450","40860","38250","42430","10740","14520"
"129","06/10/2023","15310","13240","13850","23020","35860","47220","53050","146760","28890","26480","14980","16230","11640","14620","7450","41300","38720","40670","10150","14460"
"130","07/10/2023","15430","13390","13890","22460","35880","46660","50690","146760","28120","26450","15060","16230","11640","14570","7450","40950","38310","40900","10220","14490"
"131","08/10/2023","15470","13170","14120","23160","35790","46470","50920","147390","29030","26450","15160","16390","11620","14670","7500","41070","38160","41790","9920","14440"
"132","09/10/2023","15330","12890","13750","24030","35490","46000","51910","146080","29530","26940","15070","16160","11670","14580","7330","41250","37760","40900","10160","14410"
"133","10/10/2023","15360","12590","13440","24320","35550","44220","51210","146080","29040","26600","15070","16160","11670","14580","7670","41330","37810","39790","10160","14310"
"134","11/10/2023","15250","12660","13680","24430","35500","45870","51210","145250","29970","27230","15100","15960","11560","14550","7680","42750","39760","39840","9990","14230"
"135","12/10/2023","15420","12650","13440","23840","34300","44130","50000","147190","29060","26350","15060","15995","11610","14570","7450","41590","38680","40900","10220","14370"
"136","13/10/2023","15340","12710","13660","24100","35130","44640","50000","145770","29630","26850","15200","16010","11710","14490","7470","42510","39170","39790","9990","14270"
"137","14/10/2023","15460","12710","13480","23750","35550","42150","49390","147190","29250","26240","15020","16230","11610","14620","7530","41270","38540","39790","10220","14400"
"138","15/10/2023","15500","12655","13630","23720","35750","43000","50000","147860","29540","26900","15120","16350","11580","14670","7580","42240","38670","39790","10000","14340"
"139","16/10/2023","15330","12480","13760","22690","35150","41780","50000","146080","30150","26660","15120","16090","11670","14540","7410","42170","38570","39790","9990","14300"
"140","17/10/2023","15470","12710","13570","23350","35300","42160","50770","147190","29940","26100","15270","16160","11610","14490","7530","41280","39110","39410","10940","14370"
"141","18/10/2023","15460","12660","13570","23340","35140","41790","49580","147610","29780","26070","15230","16160","11800","14570","7590","41450","38960","39790","10220","14370"
"142","19/10/2023","15460","12680","13560","23410","35220","41830","50770","147610","29850","26100","15320","16160","11610","14620","7540","41860","39180","39840","10150","14370"
"143","20/10/2023","15470","12750","13810","23000","34740","42410","48770","147870","30420","26450","15300","15715","11730","14850","7580","42350","38960","42430","9660","14310"
"144","21/10/2023","15450","12730","13670","22930","35110","42300","49440","147860","29860","25840","15360","16270","11580","14630","7650","42230","39010","39790","9920","14300"
"145","22/10/2023","15300","12590","13530","23650","34820","44230","48990","146190","29500","26350","15190","16135","11630","14760","7470","41450","38570","39050","9990","14230"
"146","23/10/2023","15360","12540","13900","22350","35080","42210","49320","146080","29680","25820","15220","16370","11930","14580","7490","41500","38990","45830","10080","14450"
"147","24/10/2023","15360","12640","13720","24210","33630","43120","52310","147390","29000","25700","15400","16090","11620","14540","7480","41440","39390","39410","10080","14260"
"148","25/10/2023","15400","12580","13570","23040","35060","42700","53390","146190","28690","25660","15430","16150","11600","14440","7460","40820","39650","39790","10080","14380"
"149","26/10/2023","15400","12740","13840","23680","34850","44640","54680","145690","29820","26390","15450","16030","11740","14490","7510","41600","39010","38460","10170","14290"
"150","27/10/2023","15450","12750","14000","23330","34680","45240","55990","147860","28720","25530","15550","16270","11580","14630","7580","33970","38770","38620","9920","14220"
"151","28/10/2023","15500","12880","13910","23180","34350","49020","61200","147190","28800","25850","15430","16160","11610","14570","7550","41060","38500","38620","10150","14320"
"152","29/10/2023","15460","12650","13900","23010","34430","49410","71530","147190","27970","25840","15520","16160","11610","14570","7550","41490","38270","37800","10220","14320"
"153","30/10/2023","15420","12680","13910","23620","34600","51740","70900","147190","28400","25720","15520","16160","11610","14570","7550","40990","38450","38620","10150","14320"
"154","31/10/2023","15420","12680","13940","23800","35040","55170","74690","147190","28370","25690","15590","16070","11610","14660","7480","42540","38690","40660","10150","14320"
"155","01/11/2023","15470","12580","13840","23600","34480","56770","80750","147790","28360","26100","15710","16000","11680","14640","7400","41840","37040","42510","9820","14340"
"156","02/11/2023","15360","12550","13900","24120","35040","57320","80560","146530","28690","26080","15690","16090","11670","14580","7360","41890","38160","40660","10080","14220"
"157","03/11/2023","15330","12810","13780","23650","34680","57080","82070","147390","29120","25530","15780","16090","11580","14580","7530","42690","38940","41790","10080","14220"
"158","04/11/2023","15390","12740","13850","24190","34710","56430","79650","147610","28590","25690","15710","16160","11610","14610","7530","41900","38850","39970","10150","14280"
"159","05/11/2023","15390","12740","13780","23780","34800","58380","80560","147610","28680","25700","15710","16160","11520","14610","7590","42440","39100","40810","10150","14280"
"160","06/11/2023","15390","12740","13860","25400","33990","61570","80560","147610","28520","25710","15710","16170","11610","14530","7550","42260","38950","42510","10150","14280"
"161","07/11/2023","15420","12810","13930","26070","34090","63810","81790","147390","29230","25870","15690","16010","11670","14540","7760","42360","39400","41870","10160","14300"
"162","08/11/2023","15330","12770","13920","26260","34010","64570","79420","147390","29620","25430","15780","16090","11580","14540","7510","42170","39220","41330","10140","14220"
"163","09/11/2023","15390","12710","13980","26870","33990","64310","80560","147610","28770","25700","15780","16170","11610","14570","7400","41910","39020","41870","10150","14280"
"164","10/11/2023","15430","12760","13920","27130","34390","67190","80560","147610","28910","25670","15780","16035","11610","14670","7460","41740","37770","41950","10150","14280"
"165","11/11/2023","15320","12660","13720","27980","34810","70630","80630","146670","28950","26130","15750","16080","11300","14740","7200","42360","38520","41600","9920","13940"
"166","12/11/2023","15470","12760","13980","27330","34560","72070","85180","147610","29090","25800","15550","15940","11440","14670","7460","42020","38750","41600","10010","14110"
"167","13/11/2023","15550","12760","13860","27110","34200","75010","82380","147610","29190","26480","15880","16230","11610","14670","7510","42100","38740","42620","10080","14200"
"168","14/11/2023","15560","12770","13760","28810","33840","74680","78220","147390","29790","26440","15950","16210","11480","14640","7510","42210","38670","39470","9920","14030"
"169","15/11/2023","15540","12680","13900","28690","34150","73170","79580","146190","29800","26240","15700","16450","11640","14610","7490","42450","39780","44860","9900","14190"
"170","16/11/2023","15690","12810","13940","28770","34370","72190","83320","147610","29200","26450","15960","16350","11610","14760","7580","41610","37650","40780","10150","14110"
"171","17/11/2023","15940","12850","13810","28380","34240","72910","82770","148110","29640","27000","16120","16040","11760","14670","7560","40740","36330","39790","9620","14100"
"172","18/11/2023","15670","12840","13900","28810","34420","74140","79610","147390","29520","26410","15850","16210","11390","14690","7610","41040","38220","39840","9990","14080"
"173","19/11/2023","15790","12890","14070","28430","34800","73130","80900","147390","29920","26590","15950","16030","11570","14640","7750","42090","38600","39840","9900","14170"
"174","20/11/2023","15770","13030","13940","28490","35140","72350","84770","147140","29910","26510","16150","15940","11520","14660","7770","41900","38460","39840","9990","14030"
"175","21/11/2023","15800","12810","13830","28330","34730","73890","84770","147390","28640","26470","16690","16210","11480","14870","7510","32660","38130","39840","9990","13900"
"176","22/11/2023","15750","12690","13880","28820","35420","73250","83790","147390","29140","26980","16450","16210","11390","14780","7770","40800","38990","41600","10080","14080"
"177","23/11/2023","15750","13030","13880","29660","34710","75020","82070","146190","29480","27430","16300","16185","11630","14660","7480","41730","37640","39470","9800","13990"
"178","24/11/2023","15720","13260","13850","29160","35700","75420","81210","146510","30360","27190","16460","15910","11530","14700","7630","40910","36890","36000","9420","13870"
"179","25/11/2023","15750","13000","14070","28940","34730","73590","82310","147610","28820","26670","16310","16210","11610","14660","7750","41850","38370","39840","10070","14150"
"180","26/11/2023","15760","13100","14070","29590","35470","74750","84900","146890","28950","26940","16860","16070","11710","14730","7610","42250","37770","41030","9780","14100"
"181","27/11/2023","15820","13000","14060","28960","35080","71630","87750","147610","28850","26570","16610","16045","11610","14710","7720","41690","38440","39840","10070","14150"
"182","28/11/2023","15730","12965","14160","29490","34920","71660","82910","146530","28690","26380","16390","16210","11770","14690","7770","41270","39850","43800","9990","14260"
"183","29/11/2023","15820","13120","14210","29640","34880","71920","87020","147390","29570","26440","16480","15900","11670","14700","7840","41310","38440","40460","10080","14170"
"184","30/11/2023","15850","13390","14050","29680","35120","73930","93930","149090","29620","26190","17020","15980","11600","14810","7750","41210","28320","35610","9480","14100"
"185","01/12/2023","16000","13150","13970","30480","34650","72520","89220","149260","29990","26400","16690","15840","11680","14620","7880","41040","37670","39340","9840","14180"
"186","02/12/2023","15750","12900","14050","30760","35510","71500","82460","146530","29460","26850","16440","15930","11650","14660","7700","42220","37800","40570","10070","14080"
"187","03/12/2023","15760","12890","14120","31270","35590","72360","82460","146530","29080","26730","16640","15890","11670","14610","7560","41510","38000","40820","10070","14080"
"188","04/12/2023","15690","12980","14100","30800","35200","74630","81960","147610","29040","26400","16710","16190","11760","14920","7740","41590","39180","40040","10150","14150"
"189","05/12/2023","15730","12910","14030","32160","35340","77240","83720","146190","29530","26730","16730","15990","11810","14740","7580","41630","38450","40040","9980","13990"
"190","06/12/2023","15820","12910","14150","31010","35130","76780","84390","147610","29660","26640","16810","16020","11610","14730","7630","41890","38660","41030","10150","14150"
"191","07/12/2023","15800","12830","14170","31150","35410","75640","83100","146530","29760","26860","16580","15940","11670","14700","7860","41490","38130","40620","10160","14080"
"192","08/12/2023","15870","12990","13990","30820","34770","76080","85990","149260","29740","26340","16780","15930","11410","14740","7650","42380","39060","39790","9840","14090"
"193","09/12/2023","15900","13140","14030","31850","35670","76980","87460","144080","29560","26580","16740","15890","11760","14570","7670","40870","38690","41030","9980","14090"
"194","10/12/2023","15760","13060","14060","32240","35490","78770","86220","147390","29750","26350","16850","16120","11580","14750","7690","41080","38840","40820","10070","14080"
"195","11/12/2023","15640","13100","13990","33930","35550","79590","86220","147140","29860","26010","16890","16230","11530","14720","7740","43550","40540","40410","9970","13990"
"196","12/12/2023","15820","13020","14120","33700","35460","76890","86220","147670","29600","26320","16760","16110","11610","14790","7680","42780","38810","41030","10150","14150"
"197","13/12/2023","15670","13040","13950","34420","35870","78260","86220","147390","29800","26170","16840","16300","11410","14750","7720","43390","39730","41030","10160","14080"
"198","14/12/2023","15670","13040","13980","35130","36300","72830","82900","147390","29990","26090","16740","16210","10960","14840","7650","42650","38840","40410","10160","14080"
"199","15/12/2023","15880","13220","14180","35000","36300","71330","83650","147440","30300","26470","16740","16100","11670","14690","7860","43220","38540","40570","10160","14170"
"200","16/12/2023","15860","13090","14110","35690","36380","69910","86150","145830","30420","26760","16750","16050","11510","14730","7690","43490","39000","40570","10090","13990"
"201","17/12/2023","16010","13125","13990","35230","35730","69570","82460","150380","29480","25940","17330","16140","11650","14730","7800","42690","37820","39790","9520","14210"
"202","18/12/2023","15730","12950","13940","35510","36540","66490","87240","146190","30160","26330","16840","16030","11630","14720","7500","42680","38520","41030","9980","13990"
"203","19/12/2023","15890","13030","14400","35700","36720","62390","78500","147490","30100","26800","16550","16040","11820","14620","7530","43380","37640","41030","11280","14210"
"204","20/12/2023","15640","12990","13990","35000","37100","62790","84340","147200","29870","26550","16740","16200","11750","14670","7690","31960","36720","39690","9710","14190"
"205","21/12/2023","15830","13120","14180","36020","36630","59760","76070","147390","30410","26470","16750","16030","11570","14750","7860","42320","38100","41030","10160","14170"
"206","22/12/2023","15900","12990","14000","36060","36550","54690","68040","149320","30110","26370","16990","16210","11620","14660","7700","40660","36470","39790","9850","14170"
"207","23/12/2023","15650","12960","13960","35930","37100","56750","70700","147390","29960","25970","16850","16220","11410","14750","7650","43470","38920","41260","10160","14080"
"208","24/12/2023","15740","12990","13900","36920","37100","56710","70700","147390","30240","25870","16750","16080","11580","14715","7640","42100","37750","41700","10070","14080"
"209","25/12/2023","15890","12980","13790","37240","37640","54730","61360","149260","30470","26140","17100","15930","11580","14510","7650","40820","36900","39790","9740","14090"
"210","26/12/2023","15800","13100","14110","37460","37480","53830","71930","145770","31510","26420","16820","15930","11710","14690","7690","42070","37860","40410","9980","13990"
"211","27/12/2023","15760","12940","14080","36580","39970","57850","76060","147610","30430","26300","16780","16110","11760","14590","7680","41370","37990","41030","10150","14150"
"212","28/12/2023","15830","13130","14180","36930","37770","58410","73640","147390","31790","26420","16850","16280","11670","14750","7860","42130","38590","41030","10160","14170"
"213","29/12/2023","15760","13090","13980","36770","37700","55670","74920","147610","31220","26120","16770","16150","11610","14680","8200","41080","38080","40410","10150","14150"
"214","30/12/2023","15825","13380","13900","37520","38410","59490","74680","147950","31470","25570","16930","16270","11400","14750","7750","43390","39890","41030","9880","14100"
"215","31/12/2023","16010","13370","14180","37710","38140","56890","77680","147950","33560","25880","17060","16040","11710","14750","8000","43000","38330","41030","9880","14210"
"216","01/01/2024","15870","13055","13870","37790","38340","53340","71310","147870","33140","26560","16880","15985","11510","14650","7650","41740","38250","39790","12910","13990"
"217","02/01/2024","15740","12890","13950","37070","38210","55010","74960","146530","33010","26470","16770","15885","11670","14610","7500","40730","37740","41030","10070","14080"
"218","03/01/2024","15850","13120","14160","37090","38000","55700","75650","147610","32630","26230","16700","16145","11610","14550","7680","40930","39080","41030","10150","13890"
"219","04/01/2024","15820","13110","14200","36660","38010","56370","70700","148150","32560","25810","16850","16270","11460","14830","7720","40890","40570","41030","9990","14190"
"220","05/01/2024","15900","13050","13990","36750","38210","52390","66120","148300","32660","26620","16540","15930","11680","14620","7500","39210","37640","39790","9740","14090"
"221","06/01/2024","15945","13200","13720","38220","38510","52450","56330","149150","34410","26290","16810","15870","11730","14700","7390","41210","35890","39790","9120","14120"
"222","07/01/2024","15770","13000","13810","37580","38360","52140","69950","146530","33820","26470","16580","16120","11340","14700","7380","41730","37080","41030","10070","14080"
"223","08/01/2024","15770","13190","14030","37350","37950","51530","72130","147390","33930","26360","16850","16030","11830","14640","7920","41510","38560","40410","10160","14170"
"224","09/01/2024","16050","13020","13790","37140","38050","50310","69190","148300","34100","26580","16430","16050","11680","14660","7360","41100","36420","39790","9740","14090"
"225","10/01/2024","15910","13140","14000","36410","37570","48060","66620","148830","33430","26110","16750","16030","11620","14660","7570","40540","36930","39790","9850","14170"
"226","11/01/2024","15770","13190","14140","36310","37740","49970","69080","147390","34180","26230","16850","16120","11670","14640","7860","41660","37750","40570","10220","14170"
"227","12/01/2024","15740","13050","14050","36360","38330","50950","68460","146190","34930","26650","16740","16040","11740","14500","7670","41630","37350","41030","10110","13990"
"228","13/01/2024","15560","13160","13890","36860","38560","51070","68250","145250","34950","26310","16680","16050","11450","14640","7720","42680","39280","41030","9980","13750"
"229","14/01/2024","15830","13255","13990","36320","38150","46400","66580","149090","33670","25700","16690","16000","11600","14620","7590","41490","35950","36150","9560","14100"
"230","15/01/2024","15770","13100","14260","36440","38300","48360","65210","146530","32820","26030","16650","16320","12110","14770","7590","41600","38600","44860","10110","14170"
"231","16/01/2024","15910","13300","14320","36130","39170","45310","62480","147610","33270","26040","16670","16030","11520","14840","7680","40170","35820","39360","10140","14070"
"232","17/01/2024","15850","13270","14260","36430","39170","45960","62840","146530","34180","26320","16740","15840","11570","14820","7500","40420","35140","38540","10070","13990"
"233","18/01/2024","15960","13060","14260","35590","38780","45990","61100","147410","32350","25930","16870","15905","11550","14960","7500","39120","36380","39230","10550","13990"
"234","19/01/2024","16090","13200","14120","35460","38810","47140","61840","147360","31940","26810","16860","16355","11030","14860","7950","39970","34670","38390","10550","13920"
"235","20/01/2024","16050","13260","14020","35150","39060","47660","61210","146500","31930","26070","16940","15920","11050","14710","8120","41060","34880","35590","10360","13910"
"236","21/01/2024","16130","13260","14190","34380","38300","48140","59890","147220","31620","25960","17020","15940","11290","14750","8200","41670","35890","36780","10390","13990"
"237","22/01/2024","16040","13170","13990","34100","38150","49680","59010","147520","31590","26300","16750","16190","11560","15020","8120","39470","35970","39610","10580","14050"
"238","23/01/2024","16100","13260","14010","35400","38140","47330","58870","147520","31440","26580","17010","16000","11320","14770","8120","39970","35300","39050","10580","13990"
"239","24/01/2024","16070","13260","13960","33740","37940","47770","57120","147520","31460","26520","16940","16110","11360","14940","8120","39930","34490","38490","10530","13990"
"240","25/01/2024","16080","13280","14030","34350","38310","48910","58720","147360","31280","26420","17040","16030","11390","14920","8230","39830","35530","39610","10550","13920"
"241","26/01/2024","16070","13330","14020","33060","37930","48160","57560","147520","31410","26600","16900","16150","11430","14890","8140","39630","34790","40500","10580","13990"
"242","27/01/2024","16200","13490","14180","32470","37600","48550","60210","147170","31700","26600","17090","16290","11300","15050","8280","41470","34840","42250","10330","14220"
"243","28/01/2024","16140","13450","14130","32530","37620","48170","59970","146230","31900","26990","17020","16130","11320","15100","8150","40090","34590","41870","10270","13910"
"244","29/01/2024","16040","13330","13920","32700","37440","48450","56980","147520","30540","26820","17070","16250","11180","15460","8140","39710","35150","40430","10580","13990"
"245","30/01/2024","16210","13400","14140","31770","37680","49970","55720","146630","30520","26590","16950","16380","11200","15460","8280","38680","34400","39850","8800","14210"
"246","31/01/2024","16190","13240","13890","31010","37140","49840","55930","146210","30230","26850","17010","16240","11180","15420","8190","39160","34970","40120","10870","13750"
"247","01/02/2024","16200","13290","13880","31210","37510","50310","57260","143810","30220","26630","17040","16200","11180","15410","8220","38980","34510","37960","10550","14130"
"248","02/02/2024","16170","13290","13910","31400","37110","49530","56770","145960","30230","26400","17040","16270","11120","15410","8240","38610","35000","38800","10550","14060"
"249","03/02/2024","16100","13320","13920","31620","37590","49660","57550","146580","30270","26730","17070","16360","11160","15630","8240","39750","34960","38300","10580","14120"
"250","04/02/2024","16210","13340","13790","32360","37520","51170","56370","145960","30080","26450","17040","16350","11050","15310","8290","38320","35250","38260","10550","14160"
"251","05/02/2024","16330","13410","13770","31270","37810","51740","54360","147170","30640","26500","17160","16220","11040","15520","8410","35480","32360","36420","10390","14140"
"252","06/02/2024","16230","13330","13850","31320","37390","54280","57760","145900","31120","26710","17070","16470","11120","15480","8280","37550","32120","37340","10580","14180"
"253","07/02/2024","16150","13450","13650","31790","36990","52990","60060","147030","32090","26820","17010","16340","11200","15290","8170","38980","33010","35650","10430","14200"
"254","08/02/2024","15700","13160","13980","32070","37050","52670","58650","145680","32630","26350","17110","16365","11200","15280","8080","34630","33220","33840","10580","14120"
"255","09/02/2024","15715","13130","14400","36680","37800","57520","84950","153140","41790","28220","16640","16040","11300","15260","8450","43860","34860","34730","9410","13420"
"256","10/02/2024","16110","13210","13650","32620","36310","52900","61660","144240","32590","26870","16800","15915","11100","15505","8030","39190","30160","30500","11050","14350"
"257","11/02/2024","16260","13420","14020","31050","37340","54320","60680","145720","33730","26410","17010","16590","11150","15710","8390","40240","27140","34430","10330","14220"
"258","12/02/2024","16220","13270","13860","32260","37050","56470","61020","145310","33640","26430","17070","16570","11120","15600","8330","40020","34150","37550","10580","14120"
"259","13/02/2024","16160","13360","13760","31590","37200","59310","60610","145630","34290","26410","17080","16570","10950","15765","8350","38710","32670","34960","10630","14130"
"260","14/02/2024","16050","13310","14350","31960","37320","56880","61380","146570","35730","26350","17090","16730","11800","15690","8400","39790","33630","35590","10190","14150"
"261","15/02/2024","16180","13110","13650","31760","36930","59770","61670","143910","34910","26900","17010","16510","11170","15390","8100","38690","31400","34690","10560","13990"
"262","16/02/2024","16230","13230","13810","31820","37140","61710","64640","144380","34600","26800","17010","16710","11070","15660","8240","39930","32910","34100","10630","14200"
"263","17/02/2024","16040","13270","14190","32090","37400","63270","67620","146170","36090","26490","17210","16610","11160","15520","8370","39160","32760","34370","10390","14060"
"264","18/02/2024","16250","13500","14020","31530","37140","67820","70970","145720","35790","26610","16940","16720","11180","15910","8340","39480","32460","35860","10330","14290"
"265","19/02/2024","16220","13330","13860","32370","37260","72640","77360","145310","35620","26880","17040","16780","11210","15660","8290","39350","32840","34300","10580","14250"
"266","20/02/2024","16280","13320","13780","34560","37530","73590","82470","145010","35060","27060","17080","16640","11160","15900","8530","39940","33290","35100","10630","14200"
"267","21/02/2024","16310","13445","14090","35950","37260","77120","83770","144710","35390","26870","17060","16860","11070","15810","8460","40110","34720","39220","10890","14220"
"268","22/02/2024","16370","13680","14020","35210","37250","76330","84390","146000","35960","26600","17040","16860","11300","15850","8430","38740","32410","35820","10370","14370"
"269","23/02/2024","16270","13570","14280","36350","37490","76960","83860","146090","36160","26610","17080","16840","11310","15910","8370","39000","32630","35880","10370","14370"
"270","24/02/2024","16370","13480","13830","36620","37610","81310","84600","144680","36000","27250","17090","16850","10950","15940","8220","38050","32050","35880","10340","14020"
"271","25/02/2024","16440","13690","13940","36280","37880","82730","85540","144680","35800","27190","16900","16570","11110","15990","8270","38440","31200","34960","10300","14230"
"272","26/02/2024","16390","13570","13590","37160","38220","85160","91710","145680","35630","27070","17180","16690","11220","15740","8140","38270","31720","34730","10610","14260"
"273","27/02/2024","16350","13545","13720","36010","38250","84800","90780","146400","35510","27630","17080","16710","11260","15620","8180","37300","31660","35300","10460","14280"
"274","28/02/2024","16280","13320","14080","38570","38550","82610","91030","144700","34790","27610","17190","16740","11330","15760","8180","38440","31980","34100","10650","14280"
"275","29/02/2024","16460","13570","13800","38180","39340","84220","89840","145330","34850","27960","17140","16780","11120","15740","8340","37610","31840","34440","10580","14210"
"276","01/03/2024","16460","13560","13850","36560","37740","80090","87290","144340","34350","27790","17240","16960","11110","15790","8320","36870","32050","34730","10490","14220"
"277","02/03/2024","16450","13490","13910","36640","37960","81330","87810","144680","34890","27800","17250","16940","10990","15990","8410","36950","32440","34730","10450","14170"
"278","03/03/2024","16390","13610","13880","36540","37690","80400","87390","145330","35160","27890","17140","16740","11120","15740","8700","37800","32060","34300","10580","14210"
"279","04/03/2024","16460","13740","13880","36610","38240","79930","84590","145330","34780","28210","17110","16810","11120","15770","8440","37460","31600","33330","10580","14210"
"280","05/03/2024","16450","13620","13850","36580","37960","75960","81430","145660","35050","28130","17240","16840","11170","15770","8420","32150","31970","34730","10610","14260"
"281","06/03/2024","16440","13590","13770","35750","37980","77110","81060","144750","35110","28470","17250","16790","11120","15750","8260","37100","30650","33520","10580","14150"
"282","07/03/2024","16410","13590","13770","36030","38110","77070","79270","144380","35110","28600","17270","16790","11120","15750","8260","36610","30550","34610","10580","14150"
"283","08/03/2024","16270","13560","13890","35960","37790","76650","82530","146040","35440","28120","17320","16790","11260","15850","8290","37430","31260","34000","10610","14200"
"284","09/03/2024","16540","13670","13730","35530","37770","79320","82080","147270","35430","28320","17300","16900","11250","15820","8420","37710","30890","33970","10630","14260"
"285","10/03/2024","16540","13670","13660","36470","37800","81240","80590","147940","35950","28270","17390","16970","11250","15920","8460","38110","31460","34660","10630","14260"
"286","11/03/2024","16380","13650","13950","37160","38090","84460","82350","149080","36630","28210","17490","16830","11400","15860","8290","38210","32550","34780","10630","14290"
"287","12/03/2024","16500","13730","13700","36830","38400","86820","81380","149740","36240","28390","17430","16900","11300","15860","8460","38580","32140","34380","10630","14350"
"288","13/03/2024","16470","13630","13590","36900","38910","92260","85110","148200","36280","28370","17460","16920","11250","15940","8420","37910","32390","34870","10630","14350"
"289","14/03/2024","16470","13660","13620","37030","39510","107200","91610","150240","36130","28330","17480","16820","11610","15870","8440","39160","32210","35650","10630","14350"
"290","15/03/2024","16380","13560","13760","37740","39900","104530","100120","148580","35450","28600","17480","16930","11290","15860","8270","38640","17720","33470","10630","14370"
"291","16/03/2024","16460","13590","13730","37960","39860","95750","95660","148250","35010","28510","17510","16860","11370","15900","8270","38040","32090","33360","10630","14350"
"292","17/03/2024","16410","13610","13650","37530","39680","83860","89010","147920","35040","28830","17450","16840","11280","15770","8230","38580","32540","33860","10630","14310"
"293","18/03/2024","16400","13550","13670","37570","40160","70940","81770","147920","34760","29870","17440","16740","11340","15720","8190","38390","32410","33100","10630","14370"
"294","19/03/2024","16420","13450","13680","36590","40000","65990","76640","147260","34270","28600","17440","16730","11310","15720","8270","38110","32810","32680","10630","14310"
"295","20/03/2024","16430","13380","13650","36400","39510","62860","72170","147260","34680","28480","17450","16820","11300","15720","8230","37860","32430","32960","10630","14330"
"296","21/03/2024","16355","13380","13470","36800","39450","61940","72610","147700","33560","28470","17520","16860","11050","15760","8430","37660","32380","32930","10380","14230"
"297","22/03/2024","16150","13120","13650","36850","39470","59590","74900","145910","33570","28570","17390","16590","11450","15770","7810","37750","32130","32720","10650","14180"
"298","23/03/2024","16240","13350","13510","36830","39200","56630","69670","146450","32530","28710","17400","16920","11020","15720","8030","37690","32040","33350","10610","14170"
"299","24/03/2024","16450","13490","13540","36250","39320","55790","68380","147080","31950","28570","17500","16940","11020","15670","8200","37620","33360","33350","10680","14170"
"300","25/03/2024","16430","13450","13520","35700","39300","52750","64030","146950","32130","28550","17440","16950","11110","15880","8340","37680","32660","33810","10630","14220"
"301","26/03/2024","16430","13380","13520","35690","39270","53750","65240","146950","31560","28660","17410","16990","11030","15720","8390","37230","30910","32070","10630","14200"
"302","27/03/2024","16410","13520","13790","35620","39080","53990","63230","147430","32080","28720","17370","17130","11100","16000","8490","37380","31280","32610","10420","14150"
"303","28/03/2024","16430","13410","13550","36010","39550","55050","66610","147720","31600","28520","17490","16950","11030","15800","8320","36830","31270","32330","10610","14210"
"304","29/03/2024","16220","13170","13690","35990","39370","55510","65490","145850","32020","28750","17490","16810","11110","15780","8050","37110","30450","32040","10610","14120"
"305","30/03/2024","16360","13380","13580","35930","39620","55790","64310","147550","31290","28480","17460","16960","11090","15810","8390","37570","32610","31810","10630","14230"
"306","31/03/2024","16360","13380","13550","35920","39370","54230","63020","147550","30950","28480","17460","16760","11190","15810","8230","37850","31790","32070","10650","14230"
"307","01/04/2024","16390","13340","13510","36740","39480","55850","61730","147080","30680","28360","17490","16880","11070","15860","8400","38300","32190","31810","10550","14250"
"308","02/04/2024","16360","13380","13540","37920","39640","58550","64280","146950","31170","28060","17460","16890","11130","15830","8340","38030","31800","32100","10690","14230"
"309","03/04/2024","16350","13370","13540","37370","39640","57580","63060","149030","31340","28330","17610","16920","11010","16070","8350","38390","32830","32330","10640","14200"
"310","04/04/2024","16370","13380","13510","37560","39690","59060","64060","147820","31060","28400","17530","16630","11020","15860","8340","37970","31620","32370","10690","14230"
"311","05/04/2024","16350","13300","13400","38260","39710","61090","63280","146200","31620","28570","17540","16730","10940","15920","8110","37710","30930","32670","10580","14120"
"312","06/04/2024","16320","13190","13400","38970","40370","64510","61560","148220","31940","27980","17580","16910","11070","15840","8200","38470","31890","32370","10480","14100"
"313","07/04/2024","16370","13500","13550","39170","40240","68880","54700","152640","33630","28500","17490","16820","11200","16080","8390","39460","32730","32190","10630","14260"
"314","08/04/2024","16230","13450","13640","42650","41440","77630","78870","154090","34720","28540","17650","16710","11180","16080","8160","39820","31540","32350","10510","14170"
"315","09/04/2024","16400","13610","13800","44140","41190","77510","80880","161740","35820","28480","17560","16810","11150","16285","8520","40420","32370","33050","10490","14400"
"316","10/04/2024","16150","13285","13450","44010","41880","82300","57570","160250","36230","28670","17540","16835","11070","15740","8650","41970","34100","34800","9850","14130"
"317","11/04/2024","16000","13000","14000","44000","42000","80000","67580","150000","36000","30000","17000","17000","12000","15500","7500","40000","34000","33875","11000","15000"
"318","12/04/2024","16100","13270","13210","41280","41430","75270","77590","155120","39730","29650","17580","16850","11220","16000","8180","39890","33730","32950","10240","14120"
"319","13/04/2024","16330","13280","13470","42600","40390","71010","74200","152760","37150","28740","17560","16750","11100","15880","8260","40050","31790","32920","10610","14190"
"320","14/04/2024","16350","13320","13440","43540","40150","70970","72590","149030","36480","28670","17490","16770","11040","15770","8240","39950","31880","32550","10650","14120"
"321","15/04/2024","16260","13280","13440","44970","40540","68530","74230","150430","36450","28680","17560","16840","11030","15880","8220","40190","31420","32930","10610","14190"
"322","16/04/2024","16310","13380","13500","48520","42480","59860","76640","151200","37090","28500","17590","16820","10990","15890","8450","40740","32340","32100","10630","14300"
"323","17/04/2024","16360","13320","13410","48910","41920","57470","77230","149740","37060","28700","17560","16750","10990","15880","8220","40900","32040","32100","10610","14190"
"324","18/04/2024","16125","13320","13440","47690","42080","55510","72930","149740","36690","29280","17560","16750","10990","15880","8220","41430","31820","32350","10610","14190"
"325","19/04/2024","16125","13050","13540","49280","42840","46570","68430","149610","36190","28910","17580","16730","11180","15660","8030","41150","32850","32330","10710","14140"
"326","20/04/2024","16330","13280","13470","49970","41080","55440","66640","148320","36100","28910","17560","16750","10990","15880","8260","39470","30780","32350","10660","14190"
"327","21/04/2024","16430","13560","13720","47990","40970","53360","66720","150270","35950","28440","17670","16950","10990","16240","8600","40700","31490","32370","10450","14310"
"328","22/04/2024","16360","13410","13500","49540","41220","56500","64600","149850","35730","27970","17760","16950","10990","16130","8450","39560","31290","31500","10670","13910"
"329","23/04/2024","16310","13320","13500","48370","41140","53920","62470","149860","35820","28150","17710","16930","11050","15910","8450","39540","32050","32950","10720","14190"
"330","24/04/2024","16260","13450","13370","48200","41320","54670","67320","150540","35880","27830","17750","16860","11080","16080","8420","39730","31950","32650","10500","14210"
"331","25/04/2024","16310","13320","13530","48840","40800","55050","62360","149860","35520","27780","17830","16930","11010","16010","8420","39370","31620","31920","10720","14250"
"332","26/04/2024","16310","13380","13600","49580","40630","55100","62360","148430","36510","27940","17950","17060","10870","16090","8390","39310","30820","32200","10360","14170"
"333","27/04/2024","16370","13360","13340","49670","40040","57040","58500","147130","34980","27520","18070","17030","10920","15880","8370","39070","31600","31700","10830","14260"
"334","28/04/2024","16300","13250","13370","49920","40300","56950","61980","147050","35930","28120","17830","16930","10950","15980","8220","39090","30870","30630","10630","14070"
"335","29/04/2024","16330","13340","13400","50240","40320","58790","62870","148630","35510","27670","17700","16960","10950","16050","8490","39220","31420","31500","10630","14140"
"336","30/04/2024","16350","13480","13730","48100","40590","58640","64040","148960","35770","27770","17890","17110","11010","16320","8430","39390","31800","32140","10510","14280"
"337","01/05/2024","16300","13270","13490","49150","40440","61730","65550","147560","35630","28140","18100","16900","10880","16130","8230","38670","31960","32440","10470","14000"
"338","02/05/2024","16330","13510","13370","48880","40880","64030","68410","148050","35300","28030","18090","16770","11010","15980","8280","38440","31590","32140","10650","14190"
"339","03/05/2024","16280","13460","12810","48310","40420","65240","65500","146690","35440","28530","18130","16690","11030","15980","8080","38340","30310","32140","10570","14070"
"340","04/05/2024","16300","13480","12630","48140","40860","62350","64300","147180","35620","28500","18180","16820","10960","16130","8370","38290","30930","32420","10470","14000"
"341","05/05/2024","16280","13625","12710","48500","40420","62490","64390","146690","35380","28460","18130","16900","11030","16020","8380","32960","30940","31460","10630","14070"
"342","06/05/2024","16360","13800","12660","49730","40730","62680","67260","148600","35810","28420","18200","16930","11080","15920","8490","38760","31180","32210","10500","14230"
"343","07/05/2024","16300","13790","12760","48640","40390","62390","66270","147920","35170","28480","18170","17030","10950","15860","8580","38490","31700","31460","10770","14180"
"344","08/05/2024","16350","13790","11540","48940","39760","63470","62580","148600","35230","28280","18300","17080","10950","16060","6050","38190","31540","31370","10570","14110"
"345","09/05/2024","16260","13790","11720","48830","39900","62900","62360","148050","35150","28390","18240","16920","11010","15930","6710","38490","31420","30830","10720","14170"
"346","10/05/2024","16210","13650","11760","48800","39760","63290","59400","146690","35070","28690","18260","16910","10870","15950","6310","38280","31210","30590","10630","14050"
"347","11/05/2024","16340","13790","11780","48140","40020","63530","58480","148050","35120","28380","18240","16980","10930","15960","6370","38520","31080","31370","10720","14170"
"348","12/05/2024","16410","13810","11760","47540","40090","62950","61520","148240","35210","28300","18260","17040","10930","16020","6130","37870","31430","30760","10700","14110"
"349","13/05/2024","16350","13720","11740","48110","40960","63890","61160","148240","35240","28360","18260","16970","10920","15920","6360","38150","31130","30800","10720","14170"
"350","14/05/2024","16460","13830","11750","48600","40960","66620","60390","147920","34600","28520","18160","17070","10850","15780","6180","39480","31320","31540","10770","14180"
"351","15/05/2024","16410","13850","11830","48120","41100","65190","61270","148930","35140","28580","18120","17210","10850","16020","5970","39480","30850","31640","10570","14320"
"352","16/05/2024","16370","13750","11760","48550","41100","74130","59790","146460","34800","28880","18170","17030","10790","15770","6110","39450","30610","31310","10680","13980"
"353","17/05/2024","16380","13790","11710","48210","41450","67030","59610","148050","34680","28510","17910","17060","10870","15890","6110","38380","30840","31160","10720","14170"
"354","18/05/2024","16320","13790","11630","47990","40870","64960","59190","147750","35100","28450","18090","17060","11030","15890","6040","38880","30280","29920","10720","14170"
"355","19/05/2024","16220","13720","11630","47730","40790","65080","60570","147280","35400","29930","18190","17070","10930","15880","6210","38810","30740","30220","12490","14170"
"356","20/05/2024","16210","13720","11960","48090","40870","67320","61050","146380","35340","28750","18220","17110","10800","16000","6110","39310","30340","22960","10630","14050"
"357","21/05/2024","16320","13830","11730","46310","40160","64360","60810","146340","34940","28480","18150","17160","10870","16020","6110","33300","30830","30590","10720","14170"
"358","22/05/2024","16320","13830","11780","46780","40630","63590","60690","146640","35140","28480","18090","17160","10870","15860","6110","38350","30560","30300","10720","14170"
"359","23/05/2024","16320","13830","11780","46110","40280","64530","61290","146640","35200","28530","18150","16970","10810","15890","5950","38420","30840","30440","10720","14170"
"360","24/05/2024","16280","13770","11760","47260","40050","66910","61260","145470","35060","28530","18190","16900","10730","15910","5950","37310","30460","29840","10630","14050"
"361","25/05/2024","16250","13780","11840","47150","40510","65970","60380","146640","34960","28450","18240","16970","10790","15910","6110","37670","31520","29990","10720","14300"
"362","26/05/2024","16320","13840","11820","47450","40750","65160","59780","146640","34990","28440","18180","16970","10810","15910","5950","37600","31360","30180","10720","14170"
"363","27/05/2024","16220","13720","11880","48720","40560","64470","57300","146760","35880","28790","18190","16970","10700","15900","5950","36750","29270","29440","10300","13980"
"364","28/05/2024","16230","13790","11800","46560","40670","63550","60200","146100","34640","28510","18120","17170","10800","15820","5950","37790","31040","30450","10710","15150"
"365","29/05/2024","16210","13800","11820","46920","40330","62500","59250","146640","34720","28450","18090","16970","10810","15920","5950","38210","31040","30850","10720","14170"
"366","30/05/2024","16130","13830","11820","47120","40200","62670","60010","146640","34710","28440","18060","17000","10870","15890","5950","38390","30980","30820","10660","14170"
"367","31/05/2024","16190","13840","11780","47100","40370","62180","59880","146640","34160","28540","18060","17160","10920","15890","6180","38540","31810","30940","10670","14170"
